Arrival Rate,Service Time,Throughput
0.2055836109014658,0.001982696117498936,1815709
