Arrival Rate,Service Time,Throughput
0.31837199883583267,0.0018533682211851461,1942409
