Arrival Rate,Service Time,Throughput
0.22933218173491648,0.0019384969809116462,1857108
