Arrival Rate,Service Time,Throughput
3.479999,0.24664587831497192,14595
