Arrival Rate,Service Time,Throughput
3.479999,0.15064931392669678,23896
