Arrival Rate,Service Time,Throughput
0.1172023186316857,0.0020325247446695963,1771196
