Arrival Rate,Service Time,Throughput
6.95999,0.13388378691673278,26888
