Arrival Rate,Service Time,Throughput
0.32542108450180446,0.001447138419518104,2487668
