Arrival Rate,Service Time,Throughput
0.135728503373953,0.0021228432044004784,1695838
