Arrival Rate,Service Time,Throughput
0.0826052719507462,0.002178195684384077,1652744
