Arrival Rate,Service Time,Throughput
0.137890991797814,0.002148590332422501,1675517
