Arrival Rate,Service Time,Throughput
0.9307817578315735,0.0035608649253845216,1010990
