Mean,Count,Service Time
-0.16860392093658447,1,0.002257823944091797
-0.16860392093658447,2,0.0027790069580078125
-0.16860392093658447,3,0.003194093704223633
-0.16860392093658447,4,0.0037801265716552734
-0.16860392093658447,5,0.00385284423828125
-0.16860392093658447,6,0.0036268234252929688
-0.16860392093658447,7,0.002644062042236328
-0.16860392093658447,8,0.004233121871948242
-0.16860392093658447,9,0.0030031204223632812
-0.16860392093658447,10,0.006496906280517578
