Arrival Rate,Service Time,Throughput
-0.16860392093658447,0.0035867929458618165,1003682
