Mean,Count,Service Time
1,1,0.1375889778137207
1,2,1.167353868484497
1,3,0.60359787940979
1,4,0.8081490993499756
1,5,1.7483389377593994
1,6,2.6001479625701904
1,7,0.13791298866271973
1,8,0.468839168548584
1,9,2.261723041534424
1,10,2.103071928024292
