Mean,Count,Service Time
1,1,0.05522489547729492
1,2,0.6550610065460205
1,3,0.07323002815246582
1,4,0.707880973815918
1,5,1.1642179489135742
1,6,0.6685290336608887
1,7,0.33763694763183594
1,8,1.2628130912780762
1,9,1.5050780773162842
1,10,0.04349398612976074
