Mean,Count,Service Time
1,1,0.0024590492248535156
1,2,0.0030651092529296875
1,3,0.002084970474243164
1,4,0.005368947982788086
1,5,0.0021619796752929688
1,6,0.002399921417236328
1,7,0.004309892654418945
1,8,0.0020809173583984375
1,9,0.005352020263671875
1,10,0.002302885055541992
