Arrival Rate,Service Time,Throughput
0.1154462158985627,0.0022124854112282777,1627129
