Arrival Rate,Service Time,Throughput
0.06427595853805541,0.0027846686463606986,1292792
