Arrival Rate,Service Time,Throughput
0.11353019836621407,0.0022109432709522736,1628264
